Geometry Type,Flow Velocity / Mach Number,Reynolds Number,Target y+ Value,Mesh Growth Rate,Recommended Turbulence Model,Max Skewness,Min Ortho Quality,Solver Scheme,Residual Target,Validation Source
NACA 0008 (2D),Mach 0.15,3x10^6,<= 1,1.15 to 1.20,k-omega SST,0.80,0.20,2nd Order Upwind,10^-6,NASA Langley Low-Turbulence Pressure Tunnel (LTPT) Standards
NACA 0008 (2D),Mach 0.80,9x10^6,<= 1,1.10 to 1.15,Spalart-Allmaras (SA),0.75,0.25,Roe / 2nd Order,10^-7,AIAA Drag Prediction Workshop Guidelines
NACA 0009 (2D),Mach 0.15,3x10^6,<= 1,1.15 to 1.20,k-omega SST,0.80,0.20,2nd Order Upwind,10^-6,NASA Langley Low-Turbulence Pressure Tunnel (LTPT) Standards
NACA 0009 (2D),Mach 0.80,9x10^6,<= 1,1.10 to 1.15,Spalart-Allmaras (SA),0.75,0.25,Roe / 2nd Order,10^-7,AIAA Drag Prediction Workshop Guidelines
NACA 0010 (2D),Mach 0.15,3x10^6,<= 1,1.15 to 1.20,k-omega SST,0.80,0.20,2nd Order Upwind,10^-6,NASA Langley Low-Turbulence Pressure Tunnel (LTPT) Standards
NACA 0010 (2D),Mach 0.80,9x10^6,<= 1,1.10 to 1.15,Spalart-Allmaras (SA),0.75,0.25,Roe / 2nd Order,10^-7,AIAA Drag Prediction Workshop Guidelines
NACA 0012 (2D),Mach 0.15,3x10^6,<= 1,1.15 to 1.20,k-omega SST,0.80,0.20,2nd Order Upwind,10^-6,NASA Langley Low-Turbulence Pressure Tunnel (LTPT) Standards
NACA 0012 (2D),Mach 0.80,9x10^6,<= 1,1.10 to 1.15,Spalart-Allmaras (SA),0.75,0.25,Roe / 2nd Order,10^-7,AIAA Drag Prediction Workshop Guidelines
NACA 0015 (2D),Mach 0.15,3x10^6,<= 1,1.15 to 1.20,k-omega SST,0.80,0.20,2nd Order Upwind,10^-6,NASA Langley Low-Turbulence Pressure Tunnel (LTPT) Standards
NACA 0015 (2D),Mach 0.80,9x10^6,<= 1,1.10 to 1.15,Spalart-Allmaras (SA),0.75,0.25,Roe / 2nd Order,10^-7,AIAA Drag Prediction Workshop Guidelines
NACA 0018 (2D),Mach 0.15,3x10^6,<= 1,1.15 to 1.20,k-omega SST,0.80,0.20,2nd Order Upwind,10^-6,NASA Langley Low-Turbulence Pressure Tunnel (LTPT) Standards
NACA 0018 (2D),Mach 0.80,9x10^6,<= 1,1.10 to 1.15,Spalart-Allmaras (SA),0.75,0.25,Roe / 2nd Order,10^-7,AIAA Drag Prediction Workshop Guidelines
NACA 0021 (2D),Mach 0.15,3x10^6,<= 1,1.15 to 1.20,k-omega SST,0.80,0.20,2nd Order Upwind,10^-6,NASA Langley Low-Turbulence Pressure Tunnel (LTPT) Standards
NACA 0021 (2D),Mach 0.80,9x10^6,<= 1,1.10 to 1.15,Spalart-Allmaras (SA),0.75,0.25,Roe / 2nd Order,10^-7,AIAA Drag Prediction Workshop Guidelines
NACA 0024 (2D),Mach 0.15,3x10^6,<= 1,1.15 to 1.20,k-omega SST,0.80,0.20,2nd Order Upwind,10^-6,NASA Langley Low-Turbulence Pressure Tunnel (LTPT) Standards
NACA 0024 (2D),Mach 0.80,9x10^6,<= 1,1.10 to 1.15,Spalart-Allmaras (SA),0.75,0.25,Roe / 2nd Order,10^-7,AIAA Drag Prediction Workshop Guidelines
NACA 1208 (2D),Mach 0.15,3x10^6,<= 1,1.15 to 1.20,k-omega SST,0.80,0.20,2nd Order Upwind,10^-6,NASA Langley Low-Turbulence Pressure Tunnel (LTPT) Standards
NACA 1208 (2D),Mach 0.80,9x10^6,<= 1,1.10 to 1.15,Spalart-Allmaras (SA),0.75,0.25,Roe / 2nd Order,10^-7,AIAA Drag Prediction Workshop Guidelines
NACA 1209 (2D),Mach 0.15,3x10^6,<= 1,1.15 to 1.20,k-omega SST,0.80,0.20,2nd Order Upwind,10^-6,NASA Langley Low-Turbulence Pressure Tunnel (LTPT) Standards
NACA 1209 (2D),Mach 0.80,9x10^6,<= 1,1.10 to 1.15,Spalart-Allmaras (SA),0.75,0.25,Roe / 2nd Order,10^-7,AIAA Drag Prediction Workshop Guidelines
NACA 1210 (2D),Mach 0.15,3x10^6,<= 1,1.15 to 1.20,k-omega SST,0.80,0.20,2nd Order Upwind,10^-6,NASA Langley Low-Turbulence Pressure Tunnel (LTPT) Standards
NACA 1210 (2D),Mach 0.80,9x10^6,<= 1,1.10 to 1.15,Spalart-Allmaras (SA),0.75,0.25,Roe / 2nd Order,10^-7,AIAA Drag Prediction Workshop Guidelines
NACA 1212 (2D),Mach 0.15,3x10^6,<= 1,1.15 to 1.20,k-omega SST,0.80,0.20,2nd Order Upwind,10^-6,NASA Langley Low-Turbulence Pressure Tunnel (LTPT) Standards
NACA 1212 (2D),Mach 0.80,9x10^6,<= 1,1.10 to 1.15,Spalart-Allmaras (SA),0.75,0.25,Roe / 2nd Order,10^-7,AIAA Drag Prediction Workshop Guidelines
NACA 1215 (2D),Mach 0.15,3x10^6,<= 1,1.15 to 1.20,k-omega SST,0.80,0.20,2nd Order Upwind,10^-6,NASA Langley Low-Turbulence Pressure Tunnel (LTPT) Standards
NACA 1215 (2D),Mach 0.80,9x10^6,<= 1,1.10 to 1.15,Spalart-Allmaras (SA),0.75,0.25,Roe / 2nd Order,10^-7,AIAA Drag Prediction Workshop Guidelines
NACA 1218 (2D),Mach 0.15,3x10^6,<= 1,1.15 to 1.20,k-omega SST,0.80,0.20,2nd Order Upwind,10^-6,NASA Langley Low-Turbulence Pressure Tunnel (LTPT) Standards
NACA 1218 (2D),Mach 0.80,9x10^6,<= 1,1.10 to 1.15,Spalart-Allmaras (SA),0.75,0.25,Roe / 2nd Order,10^-7,AIAA Drag Prediction Workshop Guidelines
NACA 1221 (2D),Mach 0.15,3x10^6,<= 1,1.15 to 1.20,k-omega SST,0.80,0.20,2nd Order Upwind,10^-6,NASA Langley Low-Turbulence Pressure Tunnel (LTPT) Standards
NACA 1221 (2D),Mach 0.80,9x10^6,<= 1,1.10 to 1.15,Spalart-Allmaras (SA),0.75,0.25,Roe / 2nd Order,10^-7,AIAA Drag Prediction Workshop Guidelines
NACA 1224 (2D),Mach 0.15,3x10^6,<= 1,1.15 to 1.20,k-omega SST,0.80,0.20,2nd Order Upwind,10^-6,NASA Langley Low-Turbulence Pressure Tunnel (LTPT) Standards
NACA 1224 (2D),Mach 0.80,9x10^6,<= 1,1.10 to 1.15,Spalart-Allmaras (SA),0.75,0.25,Roe / 2nd Order,10^-7,AIAA Drag Prediction Workshop Guidelines
NACA 1308 (2D),Mach 0.15,3x10^6,<= 1,1.15 to 1.20,k-omega SST,0.80,0.20,2nd Order Upwind,10^-6,NASA Langley Low-Turbulence Pressure Tunnel (LTPT) Standards
NACA 1308 (2D),Mach 0.80,9x10^6,<= 1,1.10 to 1.15,Spalart-Allmaras (SA),0.75,0.25,Roe / 2nd Order,10^-7,AIAA Drag Prediction Workshop Guidelines
NACA 1309 (2D),Mach 0.15,3x10^6,<= 1,1.15 to 1.20,k-omega SST,0.80,0.20,2nd Order Upwind,10^-6,NASA Langley Low-Turbulence Pressure Tunnel (LTPT) Standards
NACA 1309 (2D),Mach 0.80,9x10^6,<= 1,1.10 to 1.15,Spalart-Allmaras (SA),0.75,0.25,Roe / 2nd Order,10^-7,AIAA Drag Prediction Workshop Guidelines
NACA 1310 (2D),Mach 0.15,3x10^6,<= 1,1.15 to 1.20,k-omega SST,0.80,0.20,2nd Order Upwind,10^-6,NASA Langley Low-Turbulence Pressure Tunnel (LTPT) Standards
NACA 1310 (2D),Mach 0.80,9x10^6,<= 1,1.10 to 1.15,Spalart-Allmaras (SA),0.75,0.25,Roe / 2nd Order,10^-7,AIAA Drag Prediction Workshop Guidelines
NACA 1312 (2D),Mach 0.15,3x10^6,<= 1,1.15 to 1.20,k-omega SST,0.80,0.20,2nd Order Upwind,10^-6,NASA Langley Low-Turbulence Pressure Tunnel (LTPT) Standards
NACA 1312 (2D),Mach 0.80,9x10^6,<= 1,1.10 to 1.15,Spalart-Allmaras (SA),0.75,0.25,Roe / 2nd Order,10^-7,AIAA Drag Prediction Workshop Guidelines
NACA 1315 (2D),Mach 0.15,3x10^6,<= 1,1.15 to 1.20,k-omega SST,0.80,0.20,2nd Order Upwind,10^-6,NASA Langley Low-Turbulence Pressure Tunnel (LTPT) Standards
NACA 1315 (2D),Mach 0.80,9x10^6,<= 1,1.10 to 1.15,Spalart-Allmaras (SA),0.75,0.25,Roe / 2nd Order,10^-7,AIAA Drag Prediction Workshop Guidelines
NACA 1318 (2D),Mach 0.15,3x10^6,<= 1,1.15 to 1.20,k-omega SST,0.80,0.20,2nd Order Upwind,10^-6,NASA Langley Low-Turbulence Pressure Tunnel (LTPT) Standards
NACA 1318 (2D),Mach 0.80,9x10^6,<= 1,1.10 to 1.15,Spalart-Allmaras (SA),0.75,0.25,Roe / 2nd Order,10^-7,AIAA Drag Prediction Workshop Guidelines
NACA 1321 (2D),Mach 0.15,3x10^6,<= 1,1.15 to 1.20,k-omega SST,0.80,0.20,2nd Order Upwind,10^-6,NASA Langley Low-Turbulence Pressure Tunnel (LTPT) Standards
NACA 1321 (2D),Mach 0.80,9x10^6,<= 1,1.10 to 1.15,Spalart-Allmaras (SA),0.75,0.25,Roe / 2nd Order,10^-7,AIAA Drag Prediction Workshop Guidelines
NACA 1324 (2D),Mach 0.15,3x10^6,<= 1,1.15 to 1.20,k-omega SST,0.80,0.20,2nd Order Upwind,10^-6,NASA Langley Low-Turbulence Pressure Tunnel (LTPT) Standards
NACA 1324 (2D),Mach 0.80,9x10^6,<= 1,1.10 to 1.15,Spalart-Allmaras (SA),0.75,0.25,Roe / 2nd Order,10^-7,AIAA Drag Prediction Workshop Guidelines
NACA 1408 (2D),Mach 0.15,3x10^6,<= 1,1.15 to 1.20,k-omega SST,0.80,0.20,2nd Order Upwind,10^-6,NASA Langley Low-Turbulence Pressure Tunnel (LTPT) Standards
NACA 1408 (2D),Mach 0.80,9x10^6,<= 1,1.10 to 1.15,Spalart-Allmaras (SA),0.75,0.25,Roe / 2nd Order,10^-7,AIAA Drag Prediction Workshop Guidelines
NACA 1409 (2D),Mach 0.15,3x10^6,<= 1,1.15 to 1.20,k-omega SST,0.80,0.20,2nd Order Upwind,10^-6,NASA Langley Low-Turbulence Pressure Tunnel (LTPT) Standards
NACA 1409 (2D),Mach 0.80,9x10^6,<= 1,1.10 to 1.15,Spalart-Allmaras (SA),0.75,0.25,Roe / 2nd Order,10^-7,AIAA Drag Prediction Workshop Guidelines
NACA 1410 (2D),Mach 0.15,3x10^6,<= 1,1.15 to 1.20,k-omega SST,0.80,0.20,2nd Order Upwind,10^-6,NASA Langley Low-Turbulence Pressure Tunnel (LTPT) Standards
NACA 1410 (2D),Mach 0.80,9x10^6,<= 1,1.10 to 1.15,Spalart-Allmaras (SA),0.75,0.25,Roe / 2nd Order,10^-7,AIAA Drag Prediction Workshop Guidelines
NACA 1412 (2D),Mach 0.15,3x10^6,<= 1,1.15 to 1.20,k-omega SST,0.80,0.20,2nd Order Upwind,10^-6,NASA Langley Low-Turbulence Pressure Tunnel (LTPT) Standards
NACA 1412 (2D),Mach 0.80,9x10^6,<= 1,1.10 to 1.15,Spalart-Allmaras (SA),0.75,0.25,Roe / 2nd Order,10^-7,AIAA Drag Prediction Workshop Guidelines
NACA 1415 (2D),Mach 0.15,3x10^6,<= 1,1.15 to 1.20,k-omega SST,0.80,0.20,2nd Order Upwind,10^-6,NASA Langley Low-Turbulence Pressure Tunnel (LTPT) Standards
NACA 1415 (2D),Mach 0.80,9x10^6,<= 1,1.10 to 1.15,Spalart-Allmaras (SA),0.75,0.25,Roe / 2nd Order,10^-7,AIAA Drag Prediction Workshop Guidelines
NACA 1418 (2D),Mach 0.15,3x10^6,<= 1,1.15 to 1.20,k-omega SST,0.80,0.20,2nd Order Upwind,10^-6,NASA Langley Low-Turbulence Pressure Tunnel (LTPT) Standards
NACA 1418 (2D),Mach 0.80,9x10^6,<= 1,1.10 to 1.15,Spalart-Allmaras (SA),0.75,0.25,Roe / 2nd Order,10^-7,AIAA Drag Prediction Workshop Guidelines
NACA 1421 (2D),Mach 0.15,3x10^6,<= 1,1.15 to 1.20,k-omega SST,0.80,0.20,2nd Order Upwind,10^-6,NASA Langley Low-Turbulence Pressure Tunnel (LTPT) Standards
NACA 1421 (2D),Mach 0.80,9x10^6,<= 1,1.10 to 1.15,Spalart-Allmaras (SA),0.75,0.25,Roe / 2nd Order,10^-7,AIAA Drag Prediction Workshop Guidelines
NACA 1424 (2D),Mach 0.15,3x10^6,<= 1,1.15 to 1.20,k-omega SST,0.80,0.20,2nd Order Upwind,10^-6,NASA Langley Low-Turbulence Pressure Tunnel (LTPT) Standards
NACA 1424 (2D),Mach 0.80,9x10^6,<= 1,1.10 to 1.15,Spalart-Allmaras (SA),0.75,0.25,Roe / 2nd Order,10^-7,AIAA Drag Prediction Workshop Guidelines
NACA 2208 (2D),Mach 0.15,3x10^6,<= 1,1.15 to 1.20,k-omega SST,0.80,0.20,2nd Order Upwind,10^-6,NASA Langley Low-Turbulence Pressure Tunnel (LTPT) Standards
NACA 2208 (2D),Mach 0.80,9x10^6,<= 1,1.10 to 1.15,Spalart-Allmaras (SA),0.75,0.25,Roe / 2nd Order,10^-7,AIAA Drag Prediction Workshop Guidelines
NACA 2209 (2D),Mach 0.15,3x10^6,<= 1,1.15 to 1.20,k-omega SST,0.80,0.20,2nd Order Upwind,10^-6,NASA Langley Low-Turbulence Pressure Tunnel (LTPT) Standards
NACA 2209 (2D),Mach 0.80,9x10^6,<= 1,1.10 to 1.15,Spalart-Allmaras (SA),0.75,0.25,Roe / 2nd Order,10^-7,AIAA Drag Prediction Workshop Guidelines
NACA 2210 (2D),Mach 0.15,3x10^6,<= 1,1.15 to 1.20,k-omega SST,0.80,0.20,2nd Order Upwind,10^-6,NASA Langley Low-Turbulence Pressure Tunnel (LTPT) Standards
NACA 2210 (2D),Mach 0.80,9x10^6,<= 1,1.10 to 1.15,Spalart-Allmaras (SA),0.75,0.25,Roe / 2nd Order,10^-7,AIAA Drag Prediction Workshop Guidelines
NACA 2212 (2D),Mach 0.15,3x10^6,<= 1,1.15 to 1.20,k-omega SST,0.80,0.20,2nd Order Upwind,10^-6,NASA Langley Low-Turbulence Pressure Tunnel (LTPT) Standards
NACA 2212 (2D),Mach 0.80,9x10^6,<= 1,1.10 to 1.15,Spalart-Allmaras (SA),0.75,0.25,Roe / 2nd Order,10^-7,AIAA Drag Prediction Workshop Guidelines
NACA 2215 (2D),Mach 0.15,3x10^6,<= 1,1.15 to 1.20,k-omega SST,0.80,0.20,2nd Order Upwind,10^-6,NASA Langley Low-Turbulence Pressure Tunnel (LTPT) Standards
NACA 2215 (2D),Mach 0.80,9x10^6,<= 1,1.10 to 1.15,Spalart-Allmaras (SA),0.75,0.25,Roe / 2nd Order,10^-7,AIAA Drag Prediction Workshop Guidelines
NACA 2218 (2D),Mach 0.15,3x10^6,<= 1,1.15 to 1.20,k-omega SST,0.80,0.20,2nd Order Upwind,10^-6,NASA Langley Low-Turbulence Pressure Tunnel (LTPT) Standards
NACA 2218 (2D),Mach 0.80,9x10^6,<= 1,1.10 to 1.15,Spalart-Allmaras (SA),0.75,0.25,Roe / 2nd Order,10^-7,AIAA Drag Prediction Workshop Guidelines
NACA 2221 (2D),Mach 0.15,3x10^6,<= 1,1.15 to 1.20,k-omega SST,0.80,0.20,2nd Order Upwind,10^-6,NASA Langley Low-Turbulence Pressure Tunnel (LTPT) Standards
NACA 2221 (2D),Mach 0.80,9x10^6,<= 1,1.10 to 1.15,Spalart-Allmaras (SA),0.75,0.25,Roe / 2nd Order,10^-7,AIAA Drag Prediction Workshop Guidelines
NACA 2224 (2D),Mach 0.15,3x10^6,<= 1,1.15 to 1.20,k-omega SST,0.80,0.20,2nd Order Upwind,10^-6,NASA Langley Low-Turbulence Pressure Tunnel (LTPT) Standards
NACA 2224 (2D),Mach 0.80,9x10^6,<= 1,1.10 to 1.15,Spalart-Allmaras (SA),0.75,0.25,Roe / 2nd Order,10^-7,AIAA Drag Prediction Workshop Guidelines
NACA 2308 (2D),Mach 0.15,3x10^6,<= 1,1.15 to 1.20,k-omega SST,0.80,0.20,2nd Order Upwind,10^-6,NASA Langley Low-Turbulence Pressure Tunnel (LTPT) Standards
NACA 2308 (2D),Mach 0.80,9x10^6,<= 1,1.10 to 1.15,Spalart-Allmaras (SA),0.75,0.25,Roe / 2nd Order,10^-7,AIAA Drag Prediction Workshop Guidelines
NACA 2309 (2D),Mach 0.15,3x10^6,<= 1,1.15 to 1.20,k-omega SST,0.80,0.20,2nd Order Upwind,10^-6,NASA Langley Low-Turbulence Pressure Tunnel (LTPT) Standards
NACA 2309 (2D),Mach 0.80,9x10^6,<= 1,1.10 to 1.15,Spalart-Allmaras (SA),0.75,0.25,Roe / 2nd Order,10^-7,AIAA Drag Prediction Workshop Guidelines
NACA 2310 (2D),Mach 0.15,3x10^6,<= 1,1.15 to 1.20,k-omega SST,0.80,0.20,2nd Order Upwind,10^-6,NASA Langley Low-Turbulence Pressure Tunnel (LTPT) Standards
NACA 2310 (2D),Mach 0.80,9x10^6,<= 1,1.10 to 1.15,Spalart-Allmaras (SA),0.75,0.25,Roe / 2nd Order,10^-7,AIAA Drag Prediction Workshop Guidelines
NACA 2312 (2D),Mach 0.15,3x10^6,<= 1,1.15 to 1.20,k-omega SST,0.80,0.20,2nd Order Upwind,10^-6,NASA Langley Low-Turbulence Pressure Tunnel (LTPT) Standards
NACA 2312 (2D),Mach 0.80,9x10^6,<= 1,1.10 to 1.15,Spalart-Allmaras (SA),0.75,0.25,Roe / 2nd Order,10^-7,AIAA Drag Prediction Workshop Guidelines
NACA 2315 (2D),Mach 0.15,3x10^6,<= 1,1.15 to 1.20,k-omega SST,0.80,0.20,2nd Order Upwind,10^-6,NASA Langley Low-Turbulence Pressure Tunnel (LTPT) Standards
NACA 2315 (2D),Mach 0.80,9x10^6,<= 1,1.10 to 1.15,Spalart-Allmaras (SA),0.75,0.25,Roe / 2nd Order,10^-7,AIAA Drag Prediction Workshop Guidelines
NACA 2318 (2D),Mach 0.15,3x10^6,<= 1,1.15 to 1.20,k-omega SST,0.80,0.20,2nd Order Upwind,10^-6,NASA Langley Low-Turbulence Pressure Tunnel (LTPT) Standards
NACA 2318 (2D),Mach 0.80,9x10^6,<= 1,1.10 to 1.15,Spalart-Allmaras (SA),0.75,0.25,Roe / 2nd Order,10^-7,AIAA Drag Prediction Workshop Guidelines
NACA 2321 (2D),Mach 0.15,3x10^6,<= 1,1.15 to 1.20,k-omega SST,0.80,0.20,2nd Order Upwind,10^-6,NASA Langley Low-Turbulence Pressure Tunnel (LTPT) Standards
NACA 2321 (2D),Mach 0.80,9x10^6,<= 1,1.10 to 1.15,Spalart-Allmaras (SA),0.75,0.25,Roe / 2nd Order,10^-7,AIAA Drag Prediction Workshop Guidelines
NACA 2324 (2D),Mach 0.15,3x10^6,<= 1,1.15 to 1.20,k-omega SST,0.80,0.20,2nd Order Upwind,10^-6,NASA Langley Low-Turbulence Pressure Tunnel (LTPT) Standards
NACA 2324 (2D),Mach 0.80,9x10^6,<= 1,1.10 to 1.15,Spalart-Allmaras (SA),0.75,0.25,Roe / 2nd Order,10^-7,AIAA Drag Prediction Workshop Guidelines
NACA 2408 (2D),Mach 0.15,3x10^6,<= 1,1.15 to 1.20,k-omega SST,0.80,0.20,2nd Order Upwind,10^-6,NASA Langley Low-Turbulence Pressure Tunnel (LTPT) Standards
NACA 2408 (2D),Mach 0.80,9x10^6,<= 1,1.10 to 1.15,Spalart-Allmaras (SA),0.75,0.25,Roe / 2nd Order,10^-7,AIAA Drag Prediction Workshop Guidelines
NACA 2409 (2D),Mach 0.15,3x10^6,<= 1,1.15 to 1.20,k-omega SST,0.80,0.20,2nd Order Upwind,10^-6,NASA Langley Low-Turbulence Pressure Tunnel (LTPT) Standards
NACA 2409 (2D),Mach 0.80,9x10^6,<= 1,1.10 to 1.15,Spalart-Allmaras (SA),0.75,0.25,Roe / 2nd Order,10^-7,AIAA Drag Prediction Workshop Guidelines
NACA 2410 (2D),Mach 0.15,3x10^6,<= 1,1.15 to 1.20,k-omega SST,0.80,0.20,2nd Order Upwind,10^-6,NASA Langley Low-Turbulence Pressure Tunnel (LTPT) Standards
NACA 2410 (2D),Mach 0.80,9x10^6,<= 1,1.10 to 1.15,Spalart-Allmaras (SA),0.75,0.25,Roe / 2nd Order,10^-7,AIAA Drag Prediction Workshop Guidelines
NACA 2412 (2D),Mach 0.15,3x10^6,<= 1,1.15 to 1.20,k-omega SST,0.80,0.20,2nd Order Upwind,10^-6,NASA Langley Low-Turbulence Pressure Tunnel (LTPT) Standards
NACA 2412 (2D),Mach 0.80,9x10^6,<= 1,1.10 to 1.15,Spalart-Allmaras (SA),0.75,0.25,Roe / 2nd Order,10^-7,AIAA Drag Prediction Workshop Guidelines
NACA 2415 (2D),Mach 0.15,3x10^6,<= 1,1.15 to 1.20,k-omega SST,0.80,0.20,2nd Order Upwind,10^-6,NASA Langley Low-Turbulence Pressure Tunnel (LTPT) Standards
NACA 2415 (2D),Mach 0.80,9x10^6,<= 1,1.10 to 1.15,Spalart-Allmaras (SA),0.75,0.25,Roe / 2nd Order,10^-7,AIAA Drag Prediction Workshop Guidelines
NACA 2418 (2D),Mach 0.15,3x10^6,<= 1,1.15 to 1.20,k-omega SST,0.80,0.20,2nd Order Upwind,10^-6,NASA Langley Low-Turbulence Pressure Tunnel (LTPT) Standards
NACA 2418 (2D),Mach 0.80,9x10^6,<= 1,1.10 to 1.15,Spalart-Allmaras (SA),0.75,0.25,Roe / 2nd Order,10^-7,AIAA Drag Prediction Workshop Guidelines
NACA 2421 (2D),Mach 0.15,3x10^6,<= 1,1.15 to 1.20,k-omega SST,0.80,0.20,2nd Order Upwind,10^-6,NASA Langley Low-Turbulence Pressure Tunnel (LTPT) Standards
NACA 2421 (2D),Mach 0.80,9x10^6,<= 1,1.10 to 1.15,Spalart-Allmaras (SA),0.75,0.25,Roe / 2nd Order,10^-7,AIAA Drag Prediction Workshop Guidelines
NACA 2424 (2D),Mach 0.15,3x10^6,<= 1,1.15 to 1.20,k-omega SST,0.80,0.20,2nd Order Upwind,10^-6,NASA Langley Low-Turbulence Pressure Tunnel (LTPT) Standards
NACA 2424 (2D),Mach 0.80,9x10^6,<= 1,1.10 to 1.15,Spalart-Allmaras (SA),0.75,0.25,Roe / 2nd Order,10^-7,AIAA Drag Prediction Workshop Guidelines
NACA 4208 (2D),Mach 0.15,3x10^6,<= 1,1.15 to 1.20,k-omega SST,0.80,0.20,2nd Order Upwind,10^-6,NASA Langley Low-Turbulence Pressure Tunnel (LTPT) Standards
NACA 4208 (2D),Mach 0.80,9x10^6,<= 1,1.10 to 1.15,Spalart-Allmaras (SA),0.75,0.25,Roe / 2nd Order,10^-7,AIAA Drag Prediction Workshop Guidelines
NACA 4209 (2D),Mach 0.15,3x10^6,<= 1,1.15 to 1.20,k-omega SST,0.80,0.20,2nd Order Upwind,10^-6,NASA Langley Low-Turbulence Pressure Tunnel (LTPT) Standards
NACA 4209 (2D),Mach 0.80,9x10^6,<= 1,1.10 to 1.15,Spalart-Allmaras (SA),0.75,0.25,Roe / 2nd Order,10^-7,AIAA Drag Prediction Workshop Guidelines
NACA 4210 (2D),Mach 0.15,3x10^6,<= 1,1.15 to 1.20,k-omega SST,0.80,0.20,2nd Order Upwind,10^-6,NASA Langley Low-Turbulence Pressure Tunnel (LTPT) Standards
NACA 4210 (2D),Mach 0.80,9x10^6,<= 1,1.10 to 1.15,Spalart-Allmaras (SA),0.75,0.25,Roe / 2nd Order,10^-7,AIAA Drag Prediction Workshop Guidelines
NACA 4212 (2D),Mach 0.15,3x10^6,<= 1,1.15 to 1.20,k-omega SST,0.80,0.20,2nd Order Upwind,10^-6,NASA Langley Low-Turbulence Pressure Tunnel (LTPT) Standards
NACA 4212 (2D),Mach 0.80,9x10^6,<= 1,1.10 to 1.15,Spalart-Allmaras (SA),0.75,0.25,Roe / 2nd Order,10^-7,AIAA Drag Prediction Workshop Guidelines
NACA 4215 (2D),Mach 0.15,3x10^6,<= 1,1.15 to 1.20,k-omega SST,0.80,0.20,2nd Order Upwind,10^-6,NASA Langley Low-Turbulence Pressure Tunnel (LTPT) Standards
NACA 4215 (2D),Mach 0.80,9x10^6,<= 1,1.10 to 1.15,Spalart-Allmaras (SA),0.75,0.25,Roe / 2nd Order,10^-7,AIAA Drag Prediction Workshop Guidelines
NACA 4218 (2D),Mach 0.15,3x10^6,<= 1,1.15 to 1.20,k-omega SST,0.80,0.20,2nd Order Upwind,10^-6,NASA Langley Low-Turbulence Pressure Tunnel (LTPT) Standards
NACA 4218 (2D),Mach 0.80,9x10^6,<= 1,1.10 to 1.15,Spalart-Allmaras (SA),0.75,0.25,Roe / 2nd Order,10^-7,AIAA Drag Prediction Workshop Guidelines
NACA 4221 (2D),Mach 0.15,3x10^6,<= 1,1.15 to 1.20,k-omega SST,0.80,0.20,2nd Order Upwind,10^-6,NASA Langley Low-Turbulence Pressure Tunnel (LTPT) Standards
NACA 4221 (2D),Mach 0.80,9x10^6,<= 1,1.10 to 1.15,Spalart-Allmaras (SA),0.75,0.25,Roe / 2nd Order,10^-7,AIAA Drag Prediction Workshop Guidelines
NACA 4224 (2D),Mach 0.15,3x10^6,<= 1,1.15 to 1.20,k-omega SST,0.80,0.20,2nd Order Upwind,10^-6,NASA Langley Low-Turbulence Pressure Tunnel (LTPT) Standards
NACA 4224 (2D),Mach 0.80,9x10^6,<= 1,1.10 to 1.15,Spalart-Allmaras (SA),0.75,0.25,Roe / 2nd Order,10^-7,AIAA Drag Prediction Workshop Guidelines
NACA 4308 (2D),Mach 0.15,3x10^6,<= 1,1.15 to 1.20,k-omega SST,0.80,0.20,2nd Order Upwind,10^-6,NASA Langley Low-Turbulence Pressure Tunnel (LTPT) Standards
NACA 4308 (2D),Mach 0.80,9x10^6,<= 1,1.10 to 1.15,Spalart-Allmaras (SA),0.75,0.25,Roe / 2nd Order,10^-7,AIAA Drag Prediction Workshop Guidelines
NACA 4309 (2D),Mach 0.15,3x10^6,<= 1,1.15 to 1.20,k-omega SST,0.80,0.20,2nd Order Upwind,10^-6,NASA Langley Low-Turbulence Pressure Tunnel (LTPT) Standards
NACA 4309 (2D),Mach 0.80,9x10^6,<= 1,1.10 to 1.15,Spalart-Allmaras (SA),0.75,0.25,Roe / 2nd Order,10^-7,AIAA Drag Prediction Workshop Guidelines
NACA 4310 (2D),Mach 0.15,3x10^6,<= 1,1.15 to 1.20,k-omega SST,0.80,0.20,2nd Order Upwind,10^-6,NASA Langley Low-Turbulence Pressure Tunnel (LTPT) Standards
NACA 4310 (2D),Mach 0.80,9x10^6,<= 1,1.10 to 1.15,Spalart-Allmaras (SA),0.75,0.25,Roe / 2nd Order,10^-7,AIAA Drag Prediction Workshop Guidelines
NACA 4312 (2D),Mach 0.15,3x10^6,<= 1,1.15 to 1.20,k-omega SST,0.80,0.20,2nd Order Upwind,10^-6,NASA Langley Low-Turbulence Pressure Tunnel (LTPT) Standards
NACA 4312 (2D),Mach 0.80,9x10^6,<= 1,1.10 to 1.15,Spalart-Allmaras (SA),0.75,0.25,Roe / 2nd Order,10^-7,AIAA Drag Prediction Workshop Guidelines
NACA 4315 (2D),Mach 0.15,3x10^6,<= 1,1.15 to 1.20,k-omega SST,0.80,0.20,2nd Order Upwind,10^-6,NASA Langley Low-Turbulence Pressure Tunnel (LTPT) Standards
NACA 4315 (2D),Mach 0.80,9x10^6,<= 1,1.10 to 1.15,Spalart-Allmaras (SA),0.75,0.25,Roe / 2nd Order,10^-7,AIAA Drag Prediction Workshop Guidelines
NACA 4318 (2D),Mach 0.15,3x10^6,<= 1,1.15 to 1.20,k-omega SST,0.80,0.20,2nd Order Upwind,10^-6,NASA Langley Low-Turbulence Pressure Tunnel (LTPT) Standards
NACA 4318 (2D),Mach 0.80,9x10^6,<= 1,1.10 to 1.15,Spalart-Allmaras (SA),0.75,0.25,Roe / 2nd Order,10^-7,AIAA Drag Prediction Workshop Guidelines
NACA 4321 (2D),Mach 0.15,3x10^6,<= 1,1.15 to 1.20,k-omega SST,0.80,0.20,2nd Order Upwind,10^-6,NASA Langley Low-Turbulence Pressure Tunnel (LTPT) Standards
NACA 4321 (2D),Mach 0.80,9x10^6,<= 1,1.10 to 1.15,Spalart-Allmaras (SA),0.75,0.25,Roe / 2nd Order,10^-7,AIAA Drag Prediction Workshop Guidelines
NACA 4324 (2D),Mach 0.15,3x10^6,<= 1,1.15 to 1.20,k-omega SST,0.80,0.20,2nd Order Upwind,10^-6,NASA Langley Low-Turbulence Pressure Tunnel (LTPT) Standards
NACA 4324 (2D),Mach 0.80,9x10^6,<= 1,1.10 to 1.15,Spalart-Allmaras (SA),0.75,0.25,Roe / 2nd Order,10^-7,AIAA Drag Prediction Workshop Guidelines
NACA 4408 (2D),Mach 0.15,3x10^6,<= 1,1.15 to 1.20,k-omega SST,0.80,0.20,2nd Order Upwind,10^-6,NASA Langley Low-Turbulence Pressure Tunnel (LTPT) Standards
NACA 4408 (2D),Mach 0.80,9x10^6,<= 1,1.10 to 1.15,Spalart-Allmaras (SA),0.75,0.25,Roe / 2nd Order,10^-7,AIAA Drag Prediction Workshop Guidelines
NACA 4409 (2D),Mach 0.15,3x10^6,<= 1,1.15 to 1.20,k-omega SST,0.80,0.20,2nd Order Upwind,10^-6,NASA Langley Low-Turbulence Pressure Tunnel (LTPT) Standards
NACA 4409 (2D),Mach 0.80,9x10^6,<= 1,1.10 to 1.15,Spalart-Allmaras (SA),0.75,0.25,Roe / 2nd Order,10^-7,AIAA Drag Prediction Workshop Guidelines
NACA 4410 (2D),Mach 0.15,3x10^6,<= 1,1.15 to 1.20,k-omega SST,0.80,0.20,2nd Order Upwind,10^-6,NASA Langley Low-Turbulence Pressure Tunnel (LTPT) Standards
NACA 4410 (2D),Mach 0.80,9x10^6,<= 1,1.10 to 1.15,Spalart-Allmaras (SA),0.75,0.25,Roe / 2nd Order,10^-7,AIAA Drag Prediction Workshop Guidelines
NACA 4412 (2D),Mach 0.15,3x10^6,<= 1,1.15 to 1.20,k-omega SST,0.80,0.20,2nd Order Upwind,10^-6,NASA Langley Low-Turbulence Pressure Tunnel (LTPT) Standards
NACA 4412 (2D),Mach 0.80,9x10^6,<= 1,1.10 to 1.15,Spalart-Allmaras (SA),0.75,0.25,Roe / 2nd Order,10^-7,AIAA Drag Prediction Workshop Guidelines
NACA 4415 (2D),Mach 0.15,3x10^6,<= 1,1.15 to 1.20,k-omega SST,0.80,0.20,2nd Order Upwind,10^-6,NASA Langley Low-Turbulence Pressure Tunnel (LTPT) Standards
NACA 4415 (2D),Mach 0.80,9x10^6,<= 1,1.10 to 1.15,Spalart-Allmaras (SA),0.75,0.25,Roe / 2nd Order,10^-7,AIAA Drag Prediction Workshop Guidelines
NACA 4418 (2D),Mach 0.15,3x10^6,<= 1,1.15 to 1.20,k-omega SST,0.80,0.20,2nd Order Upwind,10^-6,NASA Langley Low-Turbulence Pressure Tunnel (LTPT) Standards
NACA 4418 (2D),Mach 0.80,9x10^6,<= 1,1.10 to 1.15,Spalart-Allmaras (SA),0.75,0.25,Roe / 2nd Order,10^-7,AIAA Drag Prediction Workshop Guidelines
NACA 4421 (2D),Mach 0.15,3x10^6,<= 1,1.15 to 1.20,k-omega SST,0.80,0.20,2nd Order Upwind,10^-6,NASA Langley Low-Turbulence Pressure Tunnel (LTPT) Standards
NACA 4421 (2D),Mach 0.80,9x10^6,<= 1,1.10 to 1.15,Spalart-Allmaras (SA),0.75,0.25,Roe / 2nd Order,10^-7,AIAA Drag Prediction Workshop Guidelines
NACA 4424 (2D),Mach 0.15,3x10^6,<= 1,1.15 to 1.20,k-omega SST,0.80,0.20,2nd Order Upwind,10^-6,NASA Langley Low-Turbulence Pressure Tunnel (LTPT) Standards
NACA 4424 (2D),Mach 0.80,9x10^6,<= 1,1.10 to 1.15,Spalart-Allmaras (SA),0.75,0.25,Roe / 2nd Order,10^-7,AIAA Drag Prediction Workshop Guidelines
NACA 6208 (2D),Mach 0.15,3x10^6,<= 1,1.15 to 1.20,k-omega SST,0.80,0.20,2nd Order Upwind,10^-6,NASA Langley Low-Turbulence Pressure Tunnel (LTPT) Standards
NACA 6208 (2D),Mach 0.80,9x10^6,<= 1,1.10 to 1.15,Spalart-Allmaras (SA),0.75,0.25,Roe / 2nd Order,10^-7,AIAA Drag Prediction Workshop Guidelines
NACA 6209 (2D),Mach 0.15,3x10^6,<= 1,1.15 to 1.20,k-omega SST,0.80,0.20,2nd Order Upwind,10^-6,NASA Langley Low-Turbulence Pressure Tunnel (LTPT) Standards
NACA 6209 (2D),Mach 0.80,9x10^6,<= 1,1.10 to 1.15,Spalart-Allmaras (SA),0.75,0.25,Roe / 2nd Order,10^-7,AIAA Drag Prediction Workshop Guidelines
NACA 6210 (2D),Mach 0.15,3x10^6,<= 1,1.15 to 1.20,k-omega SST,0.80,0.20,2nd Order Upwind,10^-6,NASA Langley Low-Turbulence Pressure Tunnel (LTPT) Standards
NACA 6210 (2D),Mach 0.80,9x10^6,<= 1,1.10 to 1.15,Spalart-Allmaras (SA),0.75,0.25,Roe / 2nd Order,10^-7,AIAA Drag Prediction Workshop Guidelines
NACA 6212 (2D),Mach 0.15,3x10^6,<= 1,1.15 to 1.20,k-omega SST,0.80,0.20,2nd Order Upwind,10^-6,NASA Langley Low-Turbulence Pressure Tunnel (LTPT) Standards
NACA 6212 (2D),Mach 0.80,9x10^6,<= 1,1.10 to 1.15,Spalart-Allmaras (SA),0.75,0.25,Roe / 2nd Order,10^-7,AIAA Drag Prediction Workshop Guidelines
NACA 6215 (2D),Mach 0.15,3x10^6,<= 1,1.15 to 1.20,k-omega SST,0.80,0.20,2nd Order Upwind,10^-6,NASA Langley Low-Turbulence Pressure Tunnel (LTPT) Standards
NACA 6215 (2D),Mach 0.80,9x10^6,<= 1,1.10 to 1.15,Spalart-Allmaras (SA),0.75,0.25,Roe / 2nd Order,10^-7,AIAA Drag Prediction Workshop Guidelines
NACA 6218 (2D),Mach 0.15,3x10^6,<= 1,1.15 to 1.20,k-omega SST,0.80,0.20,2nd Order Upwind,10^-6,NASA Langley Low-Turbulence Pressure Tunnel (LTPT) Standards
NACA 6218 (2D),Mach 0.80,9x10^6,<= 1,1.10 to 1.15,Spalart-Allmaras (SA),0.75,0.25,Roe / 2nd Order,10^-7,AIAA Drag Prediction Workshop Guidelines
NACA 6221 (2D),Mach 0.15,3x10^6,<= 1,1.15 to 1.20,k-omega SST,0.80,0.20,2nd Order Upwind,10^-6,NASA Langley Low-Turbulence Pressure Tunnel (LTPT) Standards
NACA 6221 (2D),Mach 0.80,9x10^6,<= 1,1.10 to 1.15,Spalart-Allmaras (SA),0.75,0.25,Roe / 2nd Order,10^-7,AIAA Drag Prediction Workshop Guidelines
NACA 6224 (2D),Mach 0.15,3x10^6,<= 1,1.15 to 1.20,k-omega SST,0.80,0.20,2nd Order Upwind,10^-6,NASA Langley Low-Turbulence Pressure Tunnel (LTPT) Standards
NACA 6224 (2D),Mach 0.80,9x10^6,<= 1,1.10 to 1.15,Spalart-Allmaras (SA),0.75,0.25,Roe / 2nd Order,10^-7,AIAA Drag Prediction Workshop Guidelines
NACA 6308 (2D),Mach 0.15,3x10^6,<= 1,1.15 to 1.20,k-omega SST,0.80,0.20,2nd Order Upwind,10^-6,NASA Langley Low-Turbulence Pressure Tunnel (LTPT) Standards
NACA 6308 (2D),Mach 0.80,9x10^6,<= 1,1.10 to 1.15,Spalart-Allmaras (SA),0.75,0.25,Roe / 2nd Order,10^-7,AIAA Drag Prediction Workshop Guidelines
NACA 6309 (2D),Mach 0.15,3x10^6,<= 1,1.15 to 1.20,k-omega SST,0.80,0.20,2nd Order Upwind,10^-6,NASA Langley Low-Turbulence Pressure Tunnel (LTPT) Standards
NACA 6309 (2D),Mach 0.80,9x10^6,<= 1,1.10 to 1.15,Spalart-Allmaras (SA),0.75,0.25,Roe / 2nd Order,10^-7,AIAA Drag Prediction Workshop Guidelines
NACA 6310 (2D),Mach 0.15,3x10^6,<= 1,1.15 to 1.20,k-omega SST,0.80,0.20,2nd Order Upwind,10^-6,NASA Langley Low-Turbulence Pressure Tunnel (LTPT) Standards
NACA 6310 (2D),Mach 0.80,9x10^6,<= 1,1.10 to 1.15,Spalart-Allmaras (SA),0.75,0.25,Roe / 2nd Order,10^-7,AIAA Drag Prediction Workshop Guidelines
NACA 6312 (2D),Mach 0.15,3x10^6,<= 1,1.15 to 1.20,k-omega SST,0.80,0.20,2nd Order Upwind,10^-6,NASA Langley Low-Turbulence Pressure Tunnel (LTPT) Standards
NACA 6312 (2D),Mach 0.80,9x10^6,<= 1,1.10 to 1.15,Spalart-Allmaras (SA),0.75,0.25,Roe / 2nd Order,10^-7,AIAA Drag Prediction Workshop Guidelines
NACA 6315 (2D),Mach 0.15,3x10^6,<= 1,1.15 to 1.20,k-omega SST,0.80,0.20,2nd Order Upwind,10^-6,NASA Langley Low-Turbulence Pressure Tunnel (LTPT) Standards
NACA 6315 (2D),Mach 0.80,9x10^6,<= 1,1.10 to 1.15,Spalart-Allmaras (SA),0.75,0.25,Roe / 2nd Order,10^-7,AIAA Drag Prediction Workshop Guidelines
NACA 6318 (2D),Mach 0.15,3x10^6,<= 1,1.15 to 1.20,k-omega SST,0.80,0.20,2nd Order Upwind,10^-6,NASA Langley Low-Turbulence Pressure Tunnel (LTPT) Standards
NACA 6318 (2D),Mach 0.80,9x10^6,<= 1,1.10 to 1.15,Spalart-Allmaras (SA),0.75,0.25,Roe / 2nd Order,10^-7,AIAA Drag Prediction Workshop Guidelines
NACA 6321 (2D),Mach 0.15,3x10^6,<= 1,1.15 to 1.20,k-omega SST,0.80,0.20,2nd Order Upwind,10^-6,NASA Langley Low-Turbulence Pressure Tunnel (LTPT) Standards
NACA 6321 (2D),Mach 0.80,9x10^6,<= 1,1.10 to 1.15,Spalart-Allmaras (SA),0.75,0.25,Roe / 2nd Order,10^-7,AIAA Drag Prediction Workshop Guidelines
NACA 6324 (2D),Mach 0.15,3x10^6,<= 1,1.15 to 1.20,k-omega SST,0.80,0.20,2nd Order Upwind,10^-6,NASA Langley Low-Turbulence Pressure Tunnel (LTPT) Standards
NACA 6324 (2D),Mach 0.80,9x10^6,<= 1,1.10 to 1.15,Spalart-Allmaras (SA),0.75,0.25,Roe / 2nd Order,10^-7,AIAA Drag Prediction Workshop Guidelines
NACA 6408 (2D),Mach 0.15,3x10^6,<= 1,1.15 to 1.20,k-omega SST,0.80,0.20,2nd Order Upwind,10^-6,NASA Langley Low-Turbulence Pressure Tunnel (LTPT) Standards
NACA 6408 (2D),Mach 0.80,9x10^6,<= 1,1.10 to 1.15,Spalart-Allmaras (SA),0.75,0.25,Roe / 2nd Order,10^-7,AIAA Drag Prediction Workshop Guidelines
NACA 6409 (2D),Mach 0.15,3x10^6,<= 1,1.15 to 1.20,k-omega SST,0.80,0.20,2nd Order Upwind,10^-6,NASA Langley Low-Turbulence Pressure Tunnel (LTPT) Standards
NACA 6409 (2D),Mach 0.80,9x10^6,<= 1,1.10 to 1.15,Spalart-Allmaras (SA),0.75,0.25,Roe / 2nd Order,10^-7,AIAA Drag Prediction Workshop Guidelines
NACA 6410 (2D),Mach 0.15,3x10^6,<= 1,1.15 to 1.20,k-omega SST,0.80,0.20,2nd Order Upwind,10^-6,NASA Langley Low-Turbulence Pressure Tunnel (LTPT) Standards
NACA 6410 (2D),Mach 0.80,9x10^6,<= 1,1.10 to 1.15,Spalart-Allmaras (SA),0.75,0.25,Roe / 2nd Order,10^-7,AIAA Drag Prediction Workshop Guidelines
NACA 6412 (2D),Mach 0.15,3x10^6,<= 1,1.15 to 1.20,k-omega SST,0.80,0.20,2nd Order Upwind,10^-6,NASA Langley Low-Turbulence Pressure Tunnel (LTPT) Standards
NACA 6412 (2D),Mach 0.80,9x10^6,<= 1,1.10 to 1.15,Spalart-Allmaras (SA),0.75,0.25,Roe / 2nd Order,10^-7,AIAA Drag Prediction Workshop Guidelines
NACA 6415 (2D),Mach 0.15,3x10^6,<= 1,1.15 to 1.20,k-omega SST,0.80,0.20,2nd Order Upwind,10^-6,NASA Langley Low-Turbulence Pressure Tunnel (LTPT) Standards
NACA 6415 (2D),Mach 0.80,9x10^6,<= 1,1.10 to 1.15,Spalart-Allmaras (SA),0.75,0.25,Roe / 2nd Order,10^-7,AIAA Drag Prediction Workshop Guidelines
NACA 6418 (2D),Mach 0.15,3x10^6,<= 1,1.15 to 1.20,k-omega SST,0.80,0.20,2nd Order Upwind,10^-6,NASA Langley Low-Turbulence Pressure Tunnel (LTPT) Standards
NACA 6418 (2D),Mach 0.80,9x10^6,<= 1,1.10 to 1.15,Spalart-Allmaras (SA),0.75,0.25,Roe / 2nd Order,10^-7,AIAA Drag Prediction Workshop Guidelines
NACA 6421 (2D),Mach 0.15,3x10^6,<= 1,1.15 to 1.20,k-omega SST,0.80,0.20,2nd Order Upwind,10^-6,NASA Langley Low-Turbulence Pressure Tunnel (LTPT) Standards
NACA 6421 (2D),Mach 0.80,9x10^6,<= 1,1.10 to 1.15,Spalart-Allmaras (SA),0.75,0.25,Roe / 2nd Order,10^-7,AIAA Drag Prediction Workshop Guidelines
NACA 6424 (2D),Mach 0.15,3x10^6,<= 1,1.15 to 1.20,k-omega SST,0.80,0.20,2nd Order Upwind,10^-6,NASA Langley Low-Turbulence Pressure Tunnel (LTPT) Standards
NACA 6424 (2D),Mach 0.80,9x10^6,<= 1,1.10 to 1.15,Spalart-Allmaras (SA),0.75,0.25,Roe / 2nd Order,10^-7,AIAA Drag Prediction Workshop Guidelines
